{
  "model_type": "random_forest",
  "training_date": "2025-12-01T12:19:14.644702",
  "data_shape": [
    49340,
    72
  ],
  "feature_names": [
    "flt_fltnm_encoded",
    "year",
    "month",
    "day",
    "day_of_week",
    "day_of_year",
    "is_weekend",
    "hour",
    "minute",
    "total_minutes",
    "time_category"
  ],
  "metrics": {
    "training_mse": 0.032189375858732966,
    "training_rmse": 0.1794139789947622,
    "training_mae": 0.14448822777997178,
    "training_r2": 0.40813083431818387,
    "cv_r2_mean": 0.25221398036171944,
    "cv_r2_std": 0.011967104794562995,
    "test_mse": 0.04047927868105566,
    "test_rmse": 0.20119462885737197,
    "test_mae": 0.16124412646515712,
    "test_r2": 0.2610455203016052
  },
  "files": {
    "preprocessor": "model_weights/preprocessor.joblib",
    "predictor": "model_weights/predictor.joblib",
    "metadata": "model_weights/model_metadata.json"
  }
}